{"episode_types": ["t", "t", "t", "t", "t", "t", "t", "t", "t", "t", "t"], "initial_reset_timestamp": 1531065243.5644, "episode_lengths": [503, 195, 240, 1684, 481, 393, 269, 1044, 1005, 421], "episode_rewards": [503.0, 195.0, 240.0, 1684.0, 481.0, 393.0, 269.0, 1044.0, 1005.0, 421.0], "timestamps": [1531065252.587849, 1531065255.7962558, 1531065256.6452353, 1531065261.9284651, 1531065263.4480639, 1531065264.6825173, 1531065265.5224495, 1531065268.8157494, 1531065284.3719745, 1531065285.8069184]}