{"timestamps": [1531065003.8286989], "episode_types": ["t"], "initial_reset_timestamp": 1531064998.8002162, "episode_lengths": [326], "episode_rewards": [326.0]}